session,ratio,missing_class,n_known,true_threshold,est_median,est_mean,err_median,err_mean,dir_ok_median,dir_ok_mean
P7,TBR,unfocused,162,1.062018776569823,1.0681468551482052,1.0787782387900353,0.006128078578382157,0.016759462220212296,False,True
P7,TBR,focused,161,1.0761115333219027,1.070575440398543,1.0606529404767873,0.005536092923359659,0.015458592845115415,False,True
P7,BAR,unfocused,162,1.091691645778884,1.0967319529952364,1.0931877443308506,0.005040307216352513,0.0014960985519667513,True,True
P7,BAR,focused,161,1.097020714473992,1.0923031024001344,1.095597312065075,0.00471761207385768,0.0014234024089170294,True,True
